# s_m; t_s; delta_rad; f_drive_N; f_brake_N; gamma_y_N
0.0; 0.000; -0.00321; 0.0; -4183.8; -2986.4
3.0; 0.084; 0.00074; 0.0; -3957.3; -3025.0
6.0; 0.169; 0.00469; 0.0; -3835.8; -3042.8
9.0; 0.255; 0.00828; 0.0; -3775.6; -3047.9
12.0; 0.342; 0.01129; 0.0; -3747.6; -3045.7
15.0; 0.429; 0.01360; 0.0; -3734.2; -3039.7
18.0; 0.518; 0.01519; 0.0; -3725.2; -3032.1
21.0; 0.606; 0.01608; 0.0; -3715.4; -3023.9
24.0; 0.695; 0.01632; 0.0; -3702.5; -3015.7
27.0; 0.783; 0.01599; 0.0; -3685.5; -3007.8
30.0; 0.873; 0.01511; 0.0; -3664.7; -2999.9
33.0; 0.964; 0.01369; 0.0; -3639.3; -2992.1
36.0; 1.058; 0.01172; 0.0; -3604.8; -2984.8
39.0; 1.155; 0.00915; 0.0; -3547.5; -2979.7
42.0; 1.254; 0.00584; 0.0; -3438.5; -2980.5
45.0; 1.353; 0.00155; 0.0; -3230.8; -2993.0
48.0; 1.453; -0.00395; 0.0; -2872.6; -3023.3
51.0; 1.552; -0.01064; 0.1; -2353.3; -3070.5
54.0; 1.652; -0.01719; 12.2; -1061.1; -3116.2
57.0; 1.750; -0.02279; 280.7; -1.4; -3143.2
60.0; 1.848; -0.02682; 1071.4; -0.4; -3151.3
63.0; 1.946; -0.02929; 1328.2; -0.2; -3152.5
66.0; 2.044; -0.03064; 1287.1; -0.2; -3152.5
69.0; 2.143; -0.03143; 1137.6; -0.1; -3152.3
72.0; 2.242; -0.03205; 963.1; -0.1; -3151.9
75.0; 2.343; -0.03271; 826.0; -0.1; -3151.0
78.0; 2.445; -0.03347; 746.6; -0.1; -3149.4
81.0; 2.547; -0.03435; 748.2; -0.1; -3147.4
84.0; 2.652; -0.03545; 890.1; -0.1; -3145.0
87.0; 2.757; -0.03705; 1258.8; -0.1; -3141.5
90.0; 2.863; -0.03963; 1905.9; -0.1; -3133.7
93.0; 2.970; -0.04372; 2756.2; -0.1; -3103.2
96.0; 3.078; -0.04954; 3556.6; -0.1; -2994.8
99.0; 3.185; -0.05647; 4115.3; -0.1; -2799.5
102.0; 3.292; -0.06282; 3982.5; -0.1; -2718.6
105.0; 3.398; -0.06642; 3205.5; -0.1; -2819.5
108.0; 3.504; -0.06602; 2333.3; -0.1; -2959.9
111.0; 3.609; -0.06190; 2032.8; -0.1; -3051.6
114.0; 3.713; -0.05514; 2416.6; -0.1; -3088.7
117.0; 3.818; -0.04667; 2908.2; -0.2; -3087.8
120.0; 3.922; -0.03686; 2660.8; -0.5; -3049.5
123.0; 4.026; -0.02573; 1041.7; -2.2; -2947.7
126.0; 4.131; -0.01370; 7.4; -2038.5; -2737.1
129.0; 4.236; -0.00216; 2.3; -5916.0; -2376.1
132.0; 4.342; 0.00723; 0.0; -9359.6; -1749.0
135.0; 4.451; 0.01150; 0.0; -12713.4; -846.3
138.0; 4.564; 0.01074; 0.0; -14967.2; -101.4
141.0; 4.683; 0.00839; 0.0; -14298.8; 258.7
144.0; 4.809; 0.01610; 0.0; -12731.0; 667.4
147.0; 4.944; 0.03247; 0.0; -10384.3; 1230.9
150.0; 5.090; 0.05501; 0.0; -7600.9; 1839.5
153.0; 5.250; 0.07976; 0.0; -5026.5; 2353.0
156.0; 5.422; 0.10268; 0.0; -3032.8; 2701.5
159.0; 5.604; 0.11944; 0.0; -1802.8; 2876.8
162.0; 5.792; 0.12833; 0.0; -1286.5; 2937.5
165.0; 5.981; 0.13269; 0.0; -1139.6; 2951.3
168.0; 6.168; 0.13684; 0.0; -1128.8; 2947.6
171.0; 6.353; 0.14315; 0.0; -1184.7; 2931.7
174.0; 6.535; 0.14969; 0.0; -0.0; 2894.1
177.0; 6.711; 0.15045; 4450.9; -0.0; 2605.0
180.0; 6.873; 0.14693; 4992.2; -0.0; 2490.3
183.0; 7.014; 0.13742; 4911.8; -0.0; 2499.0
186.0; 7.154; 0.11975; 5125.3; -0.0; 2438.8
189.0; 7.321; 0.09567; 6011.4; -0.0; 2200.7
192.0; 7.510; 0.07568; 6922.5; -0.0; 1932.4
195.0; 7.691; 0.06772; 7100.0; -0.0; 1863.8
198.0; 7.857; 0.04791; 7100.0; -0.0; 1533.1
201.0; 8.009; 0.02490; 7100.0; -0.0; 957.5
204.0; 8.151; 0.00614; 7100.0; -0.0; 351.2
207.0; 8.286; -0.00624; 7100.0; -0.0; -130.1
210.0; 8.417; -0.01384; 7100.0; -0.0; -476.2
213.0; 8.545; -0.01796; 7100.0; -0.0; -707.4
216.0; 8.671; -0.01966; 7100.0; -0.0; -847.5
219.0; 8.795; -0.01974; 7100.0; -0.0; -918.0
222.0; 8.917; -0.01880; 7100.0; -0.0; -936.8
225.0; 9.035; -0.01727; 7100.0; -0.0; -918.1
228.0; 9.151; -0.01544; 7100.0; -0.0; -873.2
231.0; 9.264; -0.01350; 7100.0; -0.0; -810.7
234.0; 9.374; -0.01159; 7100.0; -0.0; -737.0
237.0; 9.483; -0.00976; 7100.0; -0.0; -657.0
240.0; 9.589; -0.00805; 7100.0; -0.0; -574.4
243.0; 9.693; -0.00649; 7100.0; -0.0; -491.6
246.0; 9.795; -0.00507; 7100.0; -0.0; -410.0
249.0; 9.895; -0.00378; 7100.0; -0.0; -330.7
252.0; 9.993; -0.00263; 7100.0; -0.0; -254.4
255.0; 10.089; -0.00161; 7100.0; -0.0; -181.9
258.0; 10.184; -0.00073; 7100.0; -0.0; -114.0
261.0; 10.278; 0.00001; 7100.0; -0.0; -52.5
264.0; 10.370; 0.00056; 7100.0; -0.0; 0.1
267.0; 10.461; 0.00088; 7100.0; -0.0; 40.2
270.0; 10.551; 0.00093; 7100.0; -0.0; 63.1
273.0; 10.639; 0.00066; 6531.4; -2.0; 64.3
276.0; 10.727; 0.00005; 3541.3; -3.8; 40.6
279.0; 10.813; -0.00084; 14.0; -954.9; -12.5
282.0; 10.900; -0.00181; 2.2; -5980.8; -94.7
285.0; 10.987; -0.00260; 1.3; -10630.4; -196.3
288.0; 11.077; -0.00302; 1.0; -13893.4; -302.0
291.0; 11.169; -0.00321; 0.0; -14688.6; -397.8
294.0; 11.265; -0.00501; 0.0; -14029.2; -542.7
297.0; 11.366; -0.00936; 0.0; -12900.3; -806.5
300.0; 11.470; -0.01588; 0.0; -11198.6; -1196.9
303.0; 11.580; -0.02429; 0.0; -9024.5; -1667.3
306.0; 11.694; -0.03341; 0.0; -6756.5; -2126.7
309.0; 11.812; -0.04073; 0.0; -4910.3; -2482.3
312.0; 11.934; -0.04424; 0.0; -3735.1; -2703.1
315.0; 12.059; -0.04428; 0.0; -3103.0; -2820.6
318.0; 12.187; -0.04316; 0.0; -2748.3; -2882.3
321.0; 12.319; -0.04353; 0.0; -2431.7; -2926.5
324.0; 12.455; -0.04704; 0.0; -2003.5; -2974.3
327.0; 12.595; -0.05278; 0.0; -1510.8; -3019.0
330.0; 12.734; -0.05717; 0.1; -836.2; -3041.7
333.0; 12.869; -0.05802; 0.1; -206.0; -3041.8
336.0; 12.996; -0.05560; 0.0; -0.0; -3026.7
339.0; 13.116; -0.05087; 809.2; -0.0; -3001.1
342.0; 13.236; -0.04521; 2464.2; -0.0; -2980.9
345.0; 13.360; -0.04108; 2917.4; -0.0; -2988.5
348.0; 13.488; -0.04062; 2680.2; -0.0; -3019.9
351.0; 13.620; -0.04406; 2510.9; -0.0; -3033.2
354.0; 13.758; -0.04966; 4345.7; -0.0; -2706.4
357.0; 13.899; -0.05431; 6922.7; -0.0; -2048.1
360.0; 14.040; -0.05401; 7100.0; -0.0; -1969.6
363.0; 14.177; -0.04900; 7100.0; -0.0; -1965.6
366.0; 14.308; -0.03881; 7100.0; -0.0; -1791.0
369.0; 14.433; -0.02411; 7100.0; -0.0; -1364.8
372.0; 14.553; -0.01221; 7100.0; -0.0; -853.9
375.0; 14.671; -0.00858; 7100.0; -0.0; -572.6
378.0; 14.785; -0.01331; 7100.0; -0.0; -667.3
381.0; 14.898; -0.02299; 7100.0; -0.0; -1063.0
384.0; 15.009; -0.03412; 7100.0; -0.0; -1583.5
387.0; 15.118; -0.04300; 6749.2; -0.4; -2044.2
390.0; 15.225; -0.04681; 3861.3; -0.3; -2425.1
393.0; 15.332; -0.04463; 731.9; -0.4; -2698.1
396.0; 15.438; -0.03776; 1.4; -1457.7; -2847.5
399.0; 15.546; -0.02901; 6.3; -2687.8; -2915.0
402.0; 15.655; -0.02090; 0.1; -3064.6; -2940.2
405.0; 15.765; -0.01503; 0.1; -3054.8; -2946.4
408.0; 15.878; -0.01196; 0.0; -3031.2; -2946.3
411.0; 15.993; -0.01152; 0.0; -2963.5; -2947.8
414.0; 16.109; -0.01347; 0.0; -2814.2; -2957.0
417.0; 16.226; -0.01755; 0.1; -2545.4; -2979.0
420.0; 16.345; -0.02329; 8.9; -2068.8; -3013.6
423.0; 16.466; -0.02955; 19.3; -979.2; -3050.3
426.0; 16.588; -0.03545; 2.1; -2.9; -3074.6
429.0; 16.712; -0.04010; 376.5; -0.3; -3083.4
432.0; 16.835; -0.04311; 265.8; -0.2; -3086.1
435.0; 16.956; -0.04445; 2.8; -0.1; -3085.2
438.0; 17.074; -0.04416; 0.1; -0.1; -3079.8
441.0; 17.191; -0.04224; 0.1; -0.0; -3069.0
444.0; 17.307; -0.03870; 323.7; -0.0; -3049.5
447.0; 17.425; -0.03380; 1354.9; -0.0; -3024.0
450.0; 17.545; -0.02870; 2557.3; -0.1; -3005.9
453.0; 17.667; -0.02538; 3019.1; -0.0; -3008.8
456.0; 17.790; -0.02543; 2852.8; -0.0; -3032.2
459.0; 17.913; -0.02942; 2600.2; -0.0; -3063.7
462.0; 18.037; -0.03682; 2684.6; -0.0; -3044.1
465.0; 18.163; -0.04597; 4667.5; -0.0; -2691.8
468.0; 18.288; -0.05392; 6626.9; -0.0; -2204.7
471.0; 18.412; -0.05646; 6509.8; -0.0; -2215.0
474.0; 18.534; -0.05320; 6106.4; -0.0; -2315.3
477.0; 18.655; -0.04742; 6105.9; -0.0; -2312.6
480.0; 18.774; -0.04217; 6444.4; -0.0; -2221.9
483.0; 18.890; -0.03907; 6841.6; -0.0; -2116.7
486.0; 19.004; -0.03797; 7075.6; -0.0; -2059.9
489.0; 19.115; -0.03651; 7100.0; -0.0; -2034.4
492.0; 19.222; -0.03103; 7100.0; -0.0; -1929.4
495.0; 19.326; -0.02267; 7100.0; -0.0; -1679.8
498.0; 19.427; -0.01272; 6642.8; -2.0; -1259.1
501.0; 19.527; -0.00281; 3162.8; -4.4; -727.1
504.0; 19.625; 0.00515; 5.3; -2048.9; -156.7
507.0; 19.723; 0.00939; 1.6; -7554.0; 331.1
510.0; 19.824; 0.00923; 1.1; -11844.7; 621.7
513.0; 19.929; 0.00573; 0.0; -13332.5; 659.3
516.0; 20.038; 0.00333; 0.0; -13571.8; 555.6
519.0; 20.155; 0.00406; 0.0; -13700.9; 474.8
522.0; 20.278; 0.00779; 0.0; -13390.2; 519.7
525.0; 20.411; 0.01507; 0.0; -12519.3; 719.6
528.0; 20.554; 0.02698; 0.0; -11138.1; 1043.2
531.0; 20.708; 0.04452; 0.0; -9415.6; 1431.7
534.0; 20.873; 0.06779; 0.0; -7576.5; 1828.8
537.0; 21.051; 0.09558; 0.0; -5865.1; 2184.2
540.0; 21.246; 0.12584; 0.0; -4475.8; 2456.8
543.0; 21.457; 0.15671; 0.0; -3475.1; 2628.4
546.0; 21.683; 0.18714; 0.0; -2874.5; 2702.7
549.0; 21.918; 0.21725; 0.0; -2719.4; 2694.1
552.0; 22.155; 0.24855; 0.0; -3061.6; 2619.7
555.0; 22.385; 0.27534; 0.0; -0.0; 2605.3
558.0; 22.601; 0.29370; 0.0; -0.0; 2617.4
561.0; 22.804; 0.30347; 0.0; -0.0; 2608.1
564.0; 22.998; 0.30295; 1167.7; -0.0; 2547.5
567.0; 23.199; 0.28740; 4897.2; -0.0; 2424.3
570.0; 23.422; 0.26073; 4703.0; -0.0; 2484.0
573.0; 23.660; 0.22704; 4639.3; -0.0; 2515.3
576.0; 23.904; 0.18622; 4945.1; -0.0; 2451.9
579.0; 24.147; 0.14261; 5783.8; -0.0; 2232.9
582.0; 24.382; 0.10680; 6738.2; -0.0; 1955.4
585.0; 24.598; 0.08934; 7100.0; -0.0; 1851.0
588.0; 24.793; 0.07770; 7100.0; -0.0; 1801.9
591.0; 24.971; 0.06163; 7100.0; -0.0; 1619.3
594.0; 25.139; 0.04566; 7100.0; -0.0; 1350.3
597.0; 25.298; 0.03190; 7100.0; -0.0; 1052.3
600.0; 25.450; 0.02067; 7100.0; -0.0; 758.8
603.0; 25.597; 0.01211; 7100.0; -0.0; 497.7
606.0; 25.738; 0.00593; 7100.0; -0.0; 282.1
609.0; 25.875; 0.00161; 7100.0; -0.0; 110.8
612.0; 26.007; -0.00133; 7100.0; -0.0; -21.3
615.0; 26.135; -0.00327; 7100.0; -0.0; -121.1
618.0; 26.259; -0.00452; 7100.0; -0.0; -196.0
621.0; 26.380; -0.00532; 7100.0; -0.0; -252.9
624.0; 26.497; -0.00588; 7100.0; -0.0; -298.6
627.0; 26.612; -0.00635; 7100.0; -0.0; -339.2
630.0; 26.724; -0.00682; 7100.0; -0.0; -380.0
633.0; 26.834; -0.00739; 7100.0; -0.0; -425.8
636.0; 26.941; -0.00809; 7100.0; -0.0; -479.8
639.0; 27.046; -0.00893; 7100.0; -0.0; -544.1
642.0; 27.148; -0.00988; 7100.0; -0.0; -618.7
645.0; 27.249; -0.01087; 7100.0; -0.0; -700.7
648.0; 27.349; -0.01176; 7100.0; -0.0; -783.9
651.0; 27.446; -0.01233; 7100.0; -0.0; -857.4
654.0; 27.543; -0.01231; 7099.9; -0.2; -904.8
657.0; 27.637; -0.01137; 4505.3; -2.8; -939.5
660.0; 27.731; -0.00926; 24.3; -95.6; -946.9
663.0; 27.824; -0.00593; 2.4; -5475.4; -882.2
666.0; 27.918; -0.00184; 1.3; -10570.7; -720.8
669.0; 28.013; 0.00206; 0.9; -14212.1; -465.4
672.0; 28.111; 0.00451; 0.0; -15169.9; -166.6
675.0; 28.212; 0.00301; 0.0; -15517.8; -0.1
678.0; 28.317; 0.00003; 0.0; -15363.4; 0.0
681.0; 28.430; 0.00301; 0.0; -14834.7; 121.3
684.0; 28.552; 0.01378; 0.0; -13168.5; 566.8
687.0; 28.686; 0.03064; 0.0; -10456.4; 1227.3
690.0; 28.831; 0.05274; 0.0; -7319.7; 1908.2
693.0; 28.986; 0.07756; 0.0; -4382.1; 2475.1
696.0; 29.148; 0.09744; 0.0; -2359.5; 2810.1
699.0; 29.314; 0.10672; 0.0; -1443.6; 2941.6
702.0; 29.482; 0.10873; 0.0; -1121.3; 2981.4
705.0; 29.652; 0.10800; 0.0; -1013.9; 2988.6
708.0; 29.821; 0.10681; 0.0; -977.6; 2982.9
711.0; 29.990; 0.10569; 0.0; -968.6; 2969.5
714.0; 30.156; 0.10414; 0.0; -975.6; 2945.6
717.0; 30.321; 0.10088; 0.0; -0.0; 2925.1
720.0; 30.486; 0.09557; 2887.1; -0.0; 2927.3
723.0; 30.651; 0.09300; 2451.7; -0.0; 2976.5
726.0; 30.815; 0.09456; 4393.3; -0.0; 2627.4
729.0; 30.978; 0.09682; 6446.5; -0.0; 2104.1
732.0; 31.138; 0.09268; 6282.4; -0.0; 2131.5
735.0; 31.300; 0.08159; 6431.7; -0.0; 2089.8
738.0; 31.467; 0.06959; 6872.1; -0.0; 1964.2
741.0; 31.634; 0.06283; 7100.0; -0.0; 1905.5
744.0; 31.795; 0.05953; 7100.0; -0.0; 1919.6
747.0; 31.945; 0.04830; 7100.0; -0.0; 1761.2
750.0; 32.084; 0.03078; 7100.0; -0.0; 1340.5
753.0; 32.213; 0.01083; 7100.0; -0.0; 675.7
756.0; 32.336; -0.00772; 7100.0; -0.0; -83.4
759.0; 32.454; -0.02194; 7100.0; -0.0; -754.6
762.0; 32.570; -0.03144; 7100.0; -0.0; -1263.8
765.0; 32.686; -0.03720; 7100.0; -0.0; -1619.6
768.0; 32.803; -0.03994; 7100.0; -0.0; -1846.7
771.0; 32.919; -0.04039; 7100.0; -0.0; -1974.6
774.0; 33.034; -0.03988; 7100.0; -0.0; -2043.8
777.0; 33.146; -0.04045; 6916.0; -0.0; -2117.3
780.0; 33.255; -0.04300; 6583.4; -0.0; -2236.9
783.0; 33.361; -0.04371; 5420.8; -0.5; -2373.0
786.0; 33.466; -0.04072; 2462.2; -0.6; -2518.3
789.0; 33.570; -0.03420; 1.3; -907.6; -2622.7
792.0; 33.674; -0.02521; 2.8; -3777.0; -2646.7
795.0; 33.780; -0.01522; 0.0; -5228.9; -2573.1
798.0; 33.888; -0.00701; 0.0; -6353.5; -2366.2
801.0; 33.998; -0.00233; 0.0; -8142.1; -1973.3
804.0; 34.111; -0.00104; 0.0; -10366.7; -1417.6
807.0; 34.229; -0.00189; 0.0; -12238.6; -891.1
810.0; 34.356; -0.00360; 0.0; -13259.5; -561.5
813.0; 34.489; -0.00514; 0.0; -13666.5; -399.7
816.0; 34.628; -0.00433; 0.0; -14000.9; -258.2
819.0; 34.771; 0.00691; 0.0; -14330.0; 111.7
822.0; 34.931; 0.06132; 0.0; -10143.9; 1234.8
825.0; 35.122; 0.13529; 0.0; -5253.3; 2301.0
828.0; 35.347; 0.18457; 0.0; -3021.1; 2671.0
831.0; 35.589; 0.21032; 0.0; -2470.8; 2728.5
834.0; 35.803; 0.21878; 0.0; -0.0; 2693.6
837.0; 35.986; 0.19576; 5205.2; -0.0; 2378.3
840.0; 36.187; 0.13218; 6697.2; -0.0; 1951.7
843.0; 36.417; 0.03287; 7100.0; -0.0; 674.0
846.0; 36.640; -0.06716; 7100.0; -0.0; -1279.1
849.0; 36.827; -0.12178; 3498.8; -0.0; -2340.0
852.0; 36.984; -0.13997; 2191.5; -0.0; -2709.0
855.0; 37.136; -0.13815; 3934.0; -0.0; -2732.0
858.0; 37.299; -0.12793; 4246.3; -0.0; -2679.9
861.0; 37.475; -0.11260; 4614.5; -0.0; -2599.5
864.0; 37.654; -0.09260; 5287.8; -0.0; -2424.0
867.0; 37.827; -0.07307; 6339.0; -0.0; -2128.6
870.0; 37.991; -0.06137; 7095.0; -0.0; -1904.9
873.0; 38.146; -0.06006; 7100.0; -0.0; -1920.6
876.0; 38.294; -0.05535; 7100.0; -0.0; -1911.8
879.0; 38.435; -0.04832; 7100.0; -0.0; -1827.9
882.0; 38.571; -0.04138; 7100.0; -0.0; -1700.6
885.0; 38.703; -0.03476; 7100.0; -0.0; -1545.3
888.0; 38.831; -0.02857; 7100.0; -0.0; -1370.6
891.0; 38.956; -0.02286; 7100.0; -0.0; -1182.4
894.0; 39.077; -0.01762; 7100.0; -0.0; -984.8
897.0; 39.196; -0.01280; 7100.0; -0.0; -780.4
900.0; 39.312; -0.00833; 7100.0; -0.0; -570.4
903.0; 39.425; -0.00414; 7100.0; -0.0; -354.6
906.0; 39.536; -0.00019; 7100.0; -0.0; -132.9
909.0; 39.645; 0.00358; 7100.0; -0.0; 94.5
912.0; 39.751; 0.00713; 7100.0; -0.0; 324.8
915.0; 39.856; 0.01040; 7100.0; -0.0; 552.3
918.0; 39.958; 0.01320; 7100.0; -0.0; 766.5
921.0; 40.058; 0.01526; 7100.0; -0.0; 951.1
924.0; 40.156; 0.01615; 6970.6; -1.7; 1085.5
927.0; 40.253; 0.01544; 3858.3; -2.8; 1190.6
930.0; 40.348; 0.01278; 7.0; -969.1; 1240.8
933.0; 40.443; 0.00822; 2.1; -6290.2; 1179.3
936.0; 40.540; 0.00255; 1.2; -10953.2; 972.6
939.0; 40.638; -0.00283; 0.0; -13761.9; 615.9
942.0; 40.740; -0.00534; 0.0; -14896.2; 225.3
945.0; 40.847; -0.00375; 0.0; -15422.2; 0.0
948.0; 40.959; -0.00005; 0.0; -15266.0; -0.0
951.0; 41.078; 0.00284; 0.0; -14785.0; 106.6
954.0; 41.206; 0.01650; 0.0; -12903.0; 614.4
957.0; 41.343; 0.04109; 0.0; -9443.2; 1441.1
960.0; 41.490; 0.07531; 0.0; -5195.4; 2308.9
963.0; 41.646; 0.10343; 0.0; -2229.6; 2810.7
966.0; 41.813; 0.11329; 0.0; -1184.1; 2965.6
969.0; 41.994; 0.11234; 0.0; -954.7; 2994.6
972.0; 42.184; 0.10733; 0.0; -928.6; 2985.9
975.0; 42.369; 0.10143; 0.0; -941.8; 2960.3
978.0; 42.533; 0.09472; 0.0; -106.6; 2933.4
981.0; 42.676; 0.08595; 2502.5; -0.0; 2911.6
984.0; 42.816; 0.07840; 2874.8; -0.0; 2938.5
987.0; 42.969; 0.07532; 2442.5; -0.0; 2981.5
990.0; 43.140; 0.07501; 5695.7; -0.0; 2318.6
993.0; 43.321; 0.07664; 7100.0; -0.0; 1891.9
996.0; 43.498; 0.06989; 7100.0; -0.0; 1889.0
999.0; 43.664; 0.06471; 7100.0; -0.0; 1901.2
1002.0; 43.821; 0.06063; 7100.0; -0.0; 1914.4
1005.0; 43.970; 0.05715; 7100.0; -0.0; 1927.4
1008.0; 44.113; 0.04641; 7100.0; -0.0; 1768.7
1011.0; 44.250; 0.03294; 7100.0; -0.0; 1440.3
1014.0; 44.383; 0.02168; 7100.0; -0.0; 1063.8
1017.0; 44.512; 0.01387; 7100.0; -0.0; 744.7
1020.0; 44.637; 0.00857; 7100.0; -0.0; 501.9
1023.0; 44.759; 0.00505; 7100.0; -0.0; 325.0
1026.0; 44.878; 0.00276; 7100.0; -0.0; 199.5
1029.0; 44.994; 0.00132; 7100.0; -0.0; 112.5
1032.0; 45.107; 0.00044; 7100.0; -0.0; 53.7
1035.0; 45.217; -0.00007; 7100.0; -0.0; 15.4
1038.0; 45.325; -0.00034; 7100.0; -0.0; -8.4
1041.0; 45.431; -0.00046; 7100.0; -0.0; -22.2
1044.0; 45.534; -0.00049; 7100.0; -0.0; -29.1
1047.0; 45.636; -0.00046; 7100.0; -0.0; -31.4
1050.0; 45.736; -0.00041; 7100.0; -0.0; -30.8
1053.0; 45.834; -0.00035; 7100.0; -0.0; -28.2
1056.0; 45.931; -0.00028; 7100.0; -0.0; -24.5
1059.0; 46.026; -0.00020; 7100.0; -0.0; -20.1
1062.0; 46.119; -0.00013; 7100.0; -0.0; -15.3
1065.0; 46.212; -0.00006; 7100.0; -0.0; -10.2
1068.0; 46.303; 0.00000; 7100.0; -0.0; -4.9
1071.0; 46.392; 0.00007; 7100.0; -0.0; 0.4
1074.0; 46.480; 0.00013; 7100.0; -0.0; 5.9
1077.0; 46.568; 0.00019; 7100.0; -0.0; 11.4
1080.0; 46.654; 0.00025; 7100.0; -0.0; 17.1
1083.0; 46.738; 0.00031; 7100.0; -0.0; 23.0
1086.0; 46.822; 0.00036; 7100.0; -0.0; 29.1
1089.0; 46.905; 0.00042; 7100.0; -0.0; 35.3
1092.0; 46.987; 0.00048; 7100.0; -0.0; 41.9
1095.0; 47.068; 0.00054; 7100.0; -0.0; 48.7
1098.0; 47.148; 0.00060; 7100.0; -0.0; 55.7
1101.0; 47.228; 0.00066; 7042.1; -0.0; 63.2
1104.0; 47.306; 0.00072; 6974.6; -0.0; 70.9
1107.0; 47.384; 0.00078; 6910.0; -0.0; 79.1
1110.0; 47.461; 0.00084; 6848.1; -0.0; 87.7
1113.0; 47.537; 0.00091; 6788.8; -0.0; 96.9
1116.0; 47.613; 0.00098; 6731.8; -0.0; 106.6
1119.0; 47.688; 0.00105; 6677.1; -0.0; 117.0
1122.0; 47.763; 0.00113; 6624.4; -0.0; 128.0
1125.0; 47.837; 0.00121; 6573.6; -0.0; 139.6
1128.0; 47.910; 0.00128; 6524.8; -0.0; 151.8
1131.0; 47.983; 0.00136; 6477.7; -0.0; 164.2
1134.0; 48.055; 0.00142; 6432.4; -0.0; 176.6
1137.0; 48.126; 0.00148; 6388.7; -0.0; 188.7
1140.0; 48.197; 0.00153; 6346.5; -0.0; 200.0
1143.0; 48.268; 0.00157; 6305.7; -0.0; 210.6
1146.0; 48.337; 0.00160; 6266.1; -0.0; 220.6
1149.0; 48.407; 0.00164; 6227.7; -0.0; 230.3
1152.0; 48.476; 0.00168; 6190.5; -0.0; 240.2
1155.0; 48.545; 0.00174; 6154.3; -0.0; 250.7
1158.0; 48.613; 0.00180; 6119.1; -0.0; 262.1
1161.0; 48.681; 0.00187; 6085.0; -0.0; 274.8
1164.0; 48.749; 0.00196; 6051.8; -0.0; 289.1
1167.0; 48.817; 0.00205; 6019.4; -0.0; 305.1
1170.0; 48.884; 0.00216; 5988.0; -0.0; 322.9
1173.0; 48.951; 0.00228; 5957.5; -0.0; 342.9
1176.0; 49.017; 0.00240; 5927.7; -0.0; 364.8
1179.0; 49.083; 0.00254; 5898.8; -0.0; 388.7
1182.0; 49.149; 0.00267; 5870.6; -0.0; 414.1
1185.0; 49.214; 0.00279; 5843.2; -0.0; 440.1
1188.0; 49.280; 0.00288; 5816.5; -0.0; 465.4
1191.0; 49.344; 0.00293; 5790.4; -0.0; 488.4
1194.0; 49.409; 0.00293; 5765.0; -0.0; 507.2
1197.0; 49.473; 0.00287; 5740.2; -0.0; 520.3
1200.0; 49.537; 0.00277; 5716.1; -0.0; 526.8
1203.0; 49.600; 0.00264; 5692.6; -0.0; 526.7
1206.0; 49.663; 0.00251; 5669.7; -0.0; 520.9
1209.0; 49.726; 0.00237; 5647.3; -0.0; 510.6
1212.0; 49.788; 0.00223; 5625.5; -0.0; 497.0
1215.0; 49.850; 0.00211; 5603.8; -0.0; 481.0
1218.0; 49.912; 0.00199; 5582.1; -0.0; 463.7
1221.0; 49.976; 0.00189; 5560.7; -0.0; 446.1
1224.0; 50.040; 0.00180; 5540.2; -0.0; 429.5
1227.0; 50.102; 0.00173; 5520.8; -0.0; 414.6
1230.0; 50.162; 0.00167; 5502.3; -0.0; 401.3
1233.0; 50.221; 0.00162; 5484.1; -0.0; 389.3
1236.0; 50.279; 0.00157; 5465.9; -0.0; 378.6
1239.0; 50.338; 0.00154; 5447.6; -0.0; 369.4
1242.0; 50.399; 0.00151; 5429.5; -0.0; 361.9
1245.0; 50.460; 0.00150; 5411.7; -0.0; 356.1
1248.0; 50.521; 0.00149; 5394.2; -0.0; 352.2
1251.0; 50.581; 0.00149; 5377.1; -0.0; 350.3
1254.0; 50.642; 0.00151; 5360.4; -0.0; 350.2
1257.0; 50.702; 0.00153; 5344.0; -0.0; 352.1
1260.0; 50.762; 0.00155; 5328.0; -0.0; 355.9
1263.0; 50.821; 0.00158; 5312.3; -0.0; 361.2
1266.0; 50.880; 0.00161; 5296.9; -0.0; 367.6
1269.0; 50.939; 0.00162; 5281.9; -0.0; 374.5
1272.0; 50.998; 0.00162; 5267.1; -0.0; 380.9
1275.0; 51.056; 0.00160; 5252.7; -0.0; 385.8
1278.0; 51.114; 0.00155; 5238.6; -0.0; 388.1
1281.0; 51.171; 0.00147; 5224.8; -0.0; 387.1
1284.0; 51.228; 0.00138; 5211.1; -0.0; 382.3
1287.0; 51.285; 0.00128; 5197.6; -0.0; 373.8
1290.0; 51.343; 0.00119; 5184.1; -0.0; 362.0
1293.0; 51.401; 0.00110; 5170.7; -0.0; 348.0
1296.0; 51.460; 0.00102; 5157.6; -0.0; 332.7
1299.0; 51.518; 0.00096; 5144.9; -0.0; 317.3
1302.0; 51.575; 0.00090; 5132.5; -0.0; 302.3
1305.0; 51.632; 0.00086; 5120.3; -0.0; 288.1
1308.0; 51.688; 0.00082; 5108.2; -0.0; 274.7
1311.0; 51.745; 0.00079; 5096.1; -0.0; 262.5
1314.0; 51.802; 0.00076; 5084.3; -0.0; 251.6
1317.0; 51.859; 0.00074; 5072.6; -0.0; 242.1
1320.0; 51.916; 0.00072; 5061.2; -0.0; 233.9
1323.0; 51.973; 0.00071; 5050.2; -0.0; 227.1
1326.0; 52.028; 0.00070; 5039.4; -0.0; 221.4
1329.0; 52.083; 0.00069; 5028.6; -0.0; 216.9
1332.0; 52.138; 0.00069; 5017.9; -0.0; 213.4
1335.0; 52.194; 0.00069; 5007.4; -0.0; 211.2
1338.0; 52.250; 0.00070; 4997.0; -0.0; 210.1
1341.0; 52.306; 0.00071; 4986.7; -0.0; 210.2
1344.0; 52.362; 0.00073; 4976.6; -0.0; 211.4
1347.0; 52.417; 0.00075; 4966.7; -0.0; 213.8
1350.0; 52.472; 0.00077; 4956.9; -0.0; 217.5
1353.0; 52.527; 0.00081; 4947.3; -0.0; 222.6
1356.0; 52.582; 0.00085; 4937.8; -0.0; 229.4
1359.0; 52.637; 0.00091; 4928.4; -0.0; 238.5
1362.0; 52.692; 0.00099; 4919.2; -0.0; 250.5
1365.0; 52.747; 0.00110; 4910.1; -0.0; 266.6
1368.0; 52.802; 0.00125; 4901.2; -0.0; 288.3
1371.0; 52.856; 0.00146; 4892.3; -0.0; 317.5
1374.0; 52.911; 0.00174; 4883.6; -0.0; 356.6
1377.0; 52.965; 0.00209; 4875.0; -0.0; 408.2
1380.0; 53.019; 0.00253; 4866.6; -0.0; 475.0
1383.0; 53.073; 0.00306; 4858.2; -0.0; 559.4
1386.0; 53.127; 0.00368; 4850.1; -0.0; 663.2
1389.0; 53.181; 0.00436; 4842.0; -0.0; 786.6
1392.0; 53.235; 0.00505; 4834.1; -0.0; 927.8
1395.0; 53.289; 0.00572; 4826.4; -0.0; 1082.4
1398.0; 53.343; 0.00628; 4818.8; -0.0; 1243.3
1401.0; 53.396; 0.00664; 4811.4; -0.0; 1400.5
1404.0; 53.450; 0.00671; 4804.1; -0.0; 1542.6
1407.0; 53.504; 0.00642; 4797.1; -0.0; 1656.7
1410.0; 53.557; 0.00570; 4790.2; -0.0; 1729.0
1413.0; 53.611; 0.00452; 4783.5; -0.0; 1746.5
1416.0; 53.663; 0.00294; 4777.2; -0.1; 1699.9
1419.0; 53.713; 0.00104; 4770.8; -0.1; 1579.4
1422.0; 53.764; -0.00105; 4764.2; -0.1; 1367.0
1425.0; 53.816; -0.00315; 4757.3; -0.1; 1050.0
1428.0; 53.869; -0.00497; 4590.6; -2.9; 646.0
1431.0; 53.924; -0.00622; 3381.4; -3.9; 205.1
1434.0; 53.977; -0.00662; 1369.8; -9.0; -217.2
1437.0; 54.029; -0.00603; 10.0; -1241.7; -578.6
1440.0; 54.082; -0.00448; 3.1; -4185.5; -851.8
1443.0; 54.134; -0.00216; 1.8; -7280.9; -1025.2
1446.0; 54.188; 0.00060; 1.3; -10315.6; -1097.8
1449.0; 54.242; 0.00339; 1.0; -13082.1; -1075.5
1452.0; 54.297; 0.00577; 0.9; -15368.7; -968.9
1455.0; 54.352; 0.00734; 0.8; -16951.1; -791.9
1458.0; 54.409; 0.00800; 0.1; -17583.2; -553.6
1461.0; 54.467; 0.00678; 0.0; -18104.1; -325.1
1464.0; 54.526; 0.00457; 0.0; -18458.3; -142.3
1467.0; 54.586; 0.00218; 0.0; -18586.6; -31.4
1470.0; 54.648; 0.00013; 0.0; -18475.8; -0.0
1473.0; 54.710; -0.00060; 0.0; -18274.0; -0.0
1476.0; 54.774; -0.00032; 0.0; -18075.3; -0.0
1479.0; 54.839; -0.00002; 0.0; -17878.5; -0.0
1482.0; 54.907; 0.00006; 0.0; -17683.6; -0.0
1485.0; 54.976; 0.00003; 0.0; -17490.9; -0.0
1488.0; 55.048; -0.00000; 0.0; -17300.6; -0.0
1491.0; 55.121; -0.00000; 0.0; -17113.2; -0.0
1494.0; 55.197; -0.00000; 0.0; -16928.7; -0.0
1497.0; 55.276; 0.00000; 0.0; -16747.0; -0.0
1500.0; 55.356; 0.00000; 0.0; -16567.9; -0.0
1503.0; 55.440; 0.00000; 0.0; -16391.5; -0.0
1506.0; 55.527; -0.00000; 0.0; -16218.4; -0.0
1509.0; 55.617; -0.00000; 0.0; -16049.7; -0.0
1512.0; 55.709; 0.00000; 0.0; -15886.5; -0.0
1515.0; 55.804; 0.00000; 0.0; -15728.5; -0.0
1518.0; 55.902; 0.00000; 0.0; -15573.9; -0.0
1521.0; 56.004; 0.00000; 0.0; -15418.6; -0.0
1524.0; 56.113; 0.00000; 0.0; -15260.0; 0.0
1527.0; 56.234; 0.00000; 0.0; -15099.3; 0.0
1530.0; 56.367; 0.00000; 0.0; -14940.0; 0.0
1533.0; 56.513; 0.00632; 0.0; -14195.8; 190.2
1536.0; 56.672; 0.03024; 0.0; -12003.6; 779.3
1539.0; 56.844; 0.06788; 0.0; -9170.1; 1461.0
1542.0; 57.029; 0.11380; 0.0; -6607.4; 2029.6
1545.0; 57.225; 0.16114; 0.0; -4803.6; 2399.1
1548.0; 57.430; 0.20510; 0.0; -3746.5; 2571.1
1551.0; 57.648; 0.24735; 0.0; -3545.8; 2571.6
1554.0; 57.886; 0.28946; 0.0; -2181.4; 2491.0
1557.0; 58.148; 0.32322; 0.0; -0.0; 2511.5
1560.0; 58.420; 0.34387; 0.0; -0.0; 2503.7
1563.0; 58.681; 0.35000; 485.4; -0.0; 2456.6
1566.0; 58.918; 0.33873; 3510.2; -0.0; 2394.2
1569.0; 59.139; 0.31152; 4968.7; -0.0; 2392.8
1572.0; 59.365; 0.27479; 4770.7; -0.0; 2459.8
1575.0; 59.609; 0.22976; 4787.4; -0.0; 2476.0
1578.0; 59.869; 0.17731; 5383.0; -0.0; 2333.6
1581.0; 60.123; 0.12873; 6436.6; -0.0; 2038.1
1584.0; 60.357; 0.09978; 7100.0; -0.0; 1838.8
1587.0; 60.569; 0.08403; 7100.0; -0.0; 1763.2
1590.0; 60.762; 0.06183; 7100.0; -0.0; 1495.2
1593.0; 60.939; 0.03922; 7100.0; -0.0; 1088.3
1596.0; 61.103; 0.01993; 7100.0; -0.0; 639.0
1599.0; 61.259; 0.00565; 7100.0; -0.0; 235.4
1602.0; 61.409; -0.00368; 7100.0; -0.0; -77.4
1605.0; 61.554; -0.00934; 7100.0; -0.0; -303.1
1608.0; 61.694; -0.01238; 7100.0; -0.0; -454.8
1611.0; 61.830; -0.01364; 7100.0; -0.0; -547.7
1614.0; 61.962; -0.01375; 7100.0; -0.0; -595.7
1617.0; 62.089; -0.01316; 7100.0; -0.0; -611.0
1620.0; 62.213; -0.01219; 7100.0; -0.0; -603.5
1623.0; 62.334; -0.01106; 7100.0; -0.0; -581.1
1626.0; 62.452; -0.00990; 7100.0; -0.0; -549.9
1629.0; 62.567; -0.00879; 7100.0; -0.0; -514.4
1632.0; 62.678; -0.00778; 7100.0; -0.0; -477.8
1635.0; 62.786; -0.00689; 7100.0; -0.0; -442.3
1638.0; 62.891; -0.00612; 7100.0; -0.0; -409.2
1641.0; 62.994; -0.00547; 7100.0; -0.0; -379.3
1644.0; 63.096; -0.00492; 7100.0; -0.0; -353.1
1647.0; 63.197; -0.00448; 7100.0; -0.0; -331.0
1650.0; 63.296; -0.00412; 7100.0; -0.0; -312.9
1653.0; 63.394; -0.00383; 7100.0; -0.0; -298.6
1656.0; 63.491; -0.00360; 7100.0; -0.0; -287.8
1659.0; 63.586; -0.00342; 7100.0; -0.0; -279.6
1662.0; 63.679; -0.00326; 7100.0; -0.0; -273.2
1665.0; 63.770; -0.00312; 7100.0; -0.0; -267.9
1668.0; 63.859; -0.00298; 7100.0; -0.0; -263.1
1671.0; 63.946; -0.00286; 7100.0; -0.0; -258.8
1674.0; 64.033; -0.00276; 7100.0; -0.0; -255.3
1677.0; 64.120; -0.00269; 7100.0; -0.0; -253.2
1680.0; 64.206; -0.00264; 7100.0; -0.0; -252.7
1683.0; 64.291; -0.00261; 7100.0; -0.0; -253.9
1686.0; 64.375; -0.00259; 7100.0; -0.0; -256.5
1689.0; 64.458; -0.00257; 7100.0; -0.0; -259.6
1692.0; 64.540; -0.00253; 7100.0; -0.0; -262.2
1695.0; 64.621; -0.00245; 7100.0; -0.0; -262.8
1698.0; 64.701; -0.00233; 7093.8; -0.0; -260.1
1701.0; 64.780; -0.00217; 7024.4; -0.0; -253.5
1704.0; 64.857; -0.00197; 6958.1; -0.0; -243.1
1707.0; 64.935; -0.00177; 6894.7; -0.0; -229.7
1710.0; 65.011; -0.00158; 6833.8; -0.0; -214.3
1713.0; 65.087; -0.00140; 6775.5; -0.0; -197.9
1716.0; 65.162; -0.00124; 6719.4; -0.0; -181.3
1719.0; 65.236; -0.00109; 6665.5; -0.0; -165.0
1722.0; 65.310; -0.00095; 6613.5; -0.0; -149.4
1725.0; 65.384; -0.00083; 6563.4; -0.0; -134.7
1728.0; 65.456; -0.00072; 6515.0; -0.0; -120.9
1731.0; 65.529; -0.00062; 6468.2; -0.0; -108.0
1734.0; 65.601; -0.00053; 6422.9; -0.0; -95.9
1737.0; 65.673; -0.00045; 6379.1; -0.0; -84.6
1740.0; 65.745; -0.00037; 6336.7; -0.0; -73.8
1743.0; 65.815; -0.00030; 6295.8; -0.0; -63.5
1746.0; 65.886; -0.00023; 6256.3; -0.0; -53.4
1749.0; 65.956; -0.00015; 6218.0; -0.0; -43.4
1752.0; 66.025; -0.00008; 6180.9; -0.0; -33.1
1755.0; 66.094; 0.00000; 6144.9; -0.0; -22.3
1758.0; 66.162; 0.00009; 6109.9; -0.0; -10.6
1761.0; 66.230; 0.00019; 6076.0; -0.0; 2.4
1764.0; 66.298; 0.00032; 6042.9; -0.0; 17.5
1767.0; 66.366; 0.00046; 6010.9; -0.0; 35.5
1770.0; 66.433; 0.00065; 5979.6; -0.0; 57.4
1773.0; 66.499; 0.00089; 5949.3; -0.0; 84.9
1776.0; 66.566; 0.00119; 5919.8; -0.0; 119.6
1779.0; 66.632; 0.00156; 5891.0; -0.0; 163.4
1782.0; 66.697; 0.00202; 5863.1; -0.0; 218.0
1785.0; 66.762; 0.00255; 5835.9; -0.0; 285.2
1788.0; 66.827; 0.00316; 5809.3; -0.0; 365.5
1791.0; 66.892; 0.00383; 5783.5; -0.0; 458.6
1794.0; 66.956; 0.00450; 5758.3; -0.0; 562.4
1797.0; 67.020; 0.00512; 5733.7; -0.0; 672.1
1800.0; 67.084; 0.00561; 5709.7; -0.0; 780.8
1803.0; 67.148; 0.00587; 5686.4; -0.0; 878.8
1806.0; 67.211; 0.00580; 5663.5; -0.0; 954.2
1809.0; 67.274; 0.00532; 5641.3; -0.0; 993.7
1812.0; 67.337; 0.00435; 5619.4; -0.1; 983.5
1815.0; 67.400; 0.00291; 5328.2; -2.5; 913.1
1818.0; 67.462; 0.00106; 3745.7; -3.6; 783.0
1821.0; 67.524; -0.00102; 1213.9; -11.0; 595.4
1824.0; 67.587; -0.00306; 6.7; -1964.7; 354.7
1827.0; 67.649; -0.00469; 2.4; -5403.3; 73.5
1830.0; 67.712; -0.00553; 1.5; -8774.8; -224.8
1833.0; 67.775; -0.00537; 1.1; -11705.6; -510.9
1836.0; 67.840; -0.00428; 1.0; -13809.4; -758.4
1839.0; 67.905; -0.00258; 0.5; -14703.7; -949.9
1842.0; 67.971; -0.00072; 0.0; -14109.5; -1073.5
1845.0; 68.039; -0.00085; 0.0; -13438.5; -1202.3
1848.0; 68.108; -0.00223; 0.0; -12613.0; -1361.5
1851.0; 68.178; -0.00430; 0.0; -11545.6; -1572.3
1854.0; 68.250; -0.00662; 0.0; -10231.0; -1832.9
1857.0; 68.324; -0.00874; 0.0; -8770.1; -2119.3
1860.0; 68.399; -0.01017; 0.0; -7341.5; -2394.7
1863.0; 68.476; -0.01041; 0.0; -6121.3; -2626.7
1866.0; 68.555; -0.00922; 0.0; -5201.1; -2799.7
1869.0; 68.637; -0.00669; 0.0; -4575.0; -2915.7
